mode,N,block,reps,real_time_s,cycles,instructions,L1_dcache_load_misses,LLC_load_misses
ijk,128,0,1,0.00559906,96855709,107066563,2886536,15112
ijk,128,0,1,0.00587126,101800597,112247708,3002063,13091
ijk,128,0,1,0.00590374,98979973,110139020,2870062,12837
ikj,128,0,1,0.00117548,48842975,57544096,554301,11623
ikj,128,0,1,0.00131592,49282229,58030973,555340,12398
ikj,128,0,1,0.00119125,48917442,57850050,548399,11797
jik,128,0,1,0.00626364,103047302,113791847,3059892,11808
jik,128,0,1,0.00563945,96223463,107015741,3145540,12301
jik,128,0,1,0.00565985,95187235,105760490,3126363,12159
jki,128,0,1,0.0103078,135160596,144599565,4925817,16028
jki,128,0,1,0.00983632,143034646,151119262,4881878,14376
jki,128,0,1,0.00967436,143708099,151448863,4904490,17208
kij,128,0,1,0.00124566,49167250,58215241,560421,11561
kij,128,0,1,0.00121379,48884383,57847081,560591,10767
kij,128,0,1,0.0012403,49091548,58086859,556412,10960
kji,128,0,1,0.00964003,142461992,151008504,4916634,12739
kji,128,0,1,0.00955082,141146091,149271321,4914907,13386
kji,128,0,1,0.00971553,141942108,150209361,4906267,13367
block,128,2,1,0.0186593,244023574,292587657,1049828,14177
block,128,2,1,0.0197636,244540940,292387052,1051167,15665
block,128,2,1,0.0191371,249011581,296666245,1029387,14312
block,128,4,1,0.0119829,176765094,202934258,591214,19044
block,128,4,1,0.00705666,111797509,137344954,543195,12599
block,128,4,1,0.00711836,114414149,139543421,541048,12720
block,128,16,1,0.00245723,63005394,75969452,357378,13162
block,128,16,1,0.00252299,62105794,74961488,359810,13525
block,128,16,1,0.00245421,63657204,76754694,351312,12438
block,128,64,1,0.00326109,65189166,78772068,600071,12336
block,128,64,1,0.00138843,51488895,60037386,600355,13803
block,128,64,1,0.0014233,51037956,60363741,582225,11198
strassen,128,0,1,0.00405328,71879080,86246055,378947,12929
strassen,128,0,1,0.00207413,57771779,66953533,378364,12166
strassen,128,0,1,0.00225732,59789247,68886346,386309,13361
blas,128,0,1,0.00035036,41808613,48533538,354393,14621
blas,128,0,1,0.000416944,39584662,47145263,340792,11486
blas,128,0,1,0.000423575,39363442,47290500,341674,11176
ijk,512,0,1,0.289809,2711407765,2632355601,136724438,114252
ijk,512,0,1,0.332703,2709747206,2633210725,136935102,145330
ijk,512,0,1,0.33869,2472628271,2426552896,136737759,338245
ikj,512,0,1,0.0672926,1109779852,1171387458,18527268,42879
ikj,512,0,1,0.114712,1798305566,2004793951,18540352,57909
ikj,512,0,1,0.06841,1103654787,1168521637,18344424,45489
jik,512,0,1,0.393832,2489607326,2362129582,153371776,237803
jik,512,0,1,0.303035,2831158708,2711421416,153094027,95840
jik,512,0,1,0.430764,2864809559,2681386611,152951823,866529
jki,512,0,1,0.715686,3999991546,2875131987,380075002,301088
jki,512,0,1,0.717129,4097076022,2967713869,375565783,333724
jki,512,0,1,0.709196,4076722232,2965587568,376982522,271112
kij,512,0,1,0.0862691,1298831718,1352894071,18915888,98465
kij,512,0,1,0.0864228,1341163672,1393989191,18852733,103797
kij,512,0,1,0.0782104,1260503603,1310279177,18720183,95824
kji,512,0,1,0.755538,4115865281,2991721914,378627612,678596
kji,512,0,1,0.725527,4145573526,3030617238,375782511,245398
kji,512,0,1,0.713675,4078012423,2972551564,373127997,119011
block,512,2,1,0.499112,3303374501,6267832807,66679001,41924
block,512,2,1,0.53002,3446643993,6396309443,66956093,40531
block,512,2,1,0.503705,3378036552,6345531532,66564059,40927
block,512,4,1,0.25865,2647904695,3833388835,20532295,40774
block,512,4,1,0.264636,2499845232,3690905611,20575166,66310
block,512,4,1,0.263514,2566094321,3754388771,20220589,49612
block,512,16,1,0.155173,2332756858,2670275067,29047676,35794
block,512,16,1,0.150927,2277110709,2610171345,29496919,42053
block,512,16,1,0.161839,2347320599,2682221522,29229657,36968
block,512,64,1,0.082085,1309754299,1406805276,21413234,44885
block,512,64,1,0.0806619,1292707628,1394971907,21760141,40767
block,512,64,1,0.094067,1422568822,1521979415,21694481,65091
strassen,512,0,1,0.130522,1912158226,2011490280,8537264,152324
strassen,512,0,1,0.115901,1799776094,1897755541,7960909,124969
strassen,512,0,1,0.111175,1727642919,1822221434,8251312,108214
blas,512,0,1,0.00516157,299425361,316430598,4119697,34163
blas,512,0,1,0.00471256,290058942,307720146,4014386,41468
blas,512,0,1,0.00692143,480968178,541461137,4041000,42255
ijk,1024,0,1,2.59678,8627361554,6432478620,1102024893,76059458
ijk,1024,0,1,2.28372,8375856372,6550817337,1085077089,64438935
ijk,1024,0,1,3.99353,10045360192,6508895926,1128537508,201835694
ikj,1024,0,1,0.395478,3124300456,3210653334,138940576,15979983
ikj,1024,0,1,0.395816,3104842091,3196869361,138503772,15159792
ikj,1024,0,1,0.405422,3151614980,3235852645,139084319,16635984
jik,1024,0,1,3.52941,9703370470,6513349065,1221351744,152437419
jik,1024,0,1,3.82245,9862906411,6515118856,1252884636,158447309
jik,1024,0,1,2.38719,8335556909,6494814637,1216404086,32757049
jki,1024,0,1,11.7921,21321816004,8306826480,3038432246,290239108
jki,1024,0,1,11.8897,21287812896,8161313592,3089248666,281730208
jki,1024,0,1,11.5548,21254180849,8362630146,3104983619,254254617
kij,1024,0,1,0.530408,3250574863,3134146397,139489023,20137156
kij,1024,0,1,0.552669,3364177378,3138394598,139752265,21231780
kij,1024,0,1,0.535143,3308794913,3121005791,140301886,19969449
kji,1024,0,1,11.7839,21240175931,8220686425,3000293534,301776281
kji,1024,0,1,11.3686,21057039592,8303044201,3053787342,211451292
kji,1024,0,1,7.26955,19701795450,8269259933,3011513425,106216030
block,1024,2,1,3.60181,12131635212,35640749214,524204425,2433718
block,1024,2,1,3.68694,12429773873,35604887753,522832292,3234553
block,1024,2,1,3.75927,12654636678,35580929686,521634243,4401870
block,1024,4,1,1.6997,6634774783,15709174854,161964905,3389798
block,1024,4,1,2.02168,7413466560,15759158644,160962895,15930585
block,1024,4,1,1.95467,7406292763,15923387673,160569671,11847581
block,1024,16,1,0.716791,4023958674,6297972358,216226080,1582782
block,1024,16,1,0.70685,4049992278,6288486887,215645493,3385447
block,1024,16,1,0.690959,4082684222,6343506341,216194117,2607308
block,1024,64,1,0.405752,3239396673,3749336730,157247193,1322035
block,1024,64,1,0.517452,3284117753,3744856597,156909557,872055
block,1024,64,1,0.381507,3135695473,3759463578,156114508,899082
strassen,1024,0,1,0.43499,3011976994,3790835803,45138851,1447724
strassen,1024,0,1,0.330057,2980453915,3775776383,44506442,1103707
strassen,1024,0,1,0.349463,3103168778,3883174459,44675771,1109152
blas,1024,0,1,0.0305186,1298788528,1321503574,26945781,129758
blas,1024,0,1,0.0281182,1356899655,1401657605,27117907,133835
blas,1024,0,1,0.0303901,1677550830,1739576933,27405476,148926
